<?xml version="1.0" encoding="UTF-8" standalone="yes"?>
<Content>
    <Views>
        <ViewDef id="dd37087a-c697-4831-ba02-081e5142ddd1">
            <Title>Home: Cluster RAM Utilization</Title>
            <Description>Used in: Summary Page

We use Consumed and Active as there is no single counter to track RAM memory in any OS (Windows, Linux, VMkernel). All modern day OSes leverage RAM as cache.

All numbers are raw/actual numbers. It's not taking HA into account (unless HA happens). This is because we're focusing on Performance, not Capacity.</Description>
            <SubjectType adapterKind="VMWARE" resourceKind="ClusterComputeResource" type="descendant"/>
            <SubjectType adapterKind="VMWARE" resourceKind="ClusterComputeResource" type="self"/>
            <Usage>dashboard</Usage>
            <Usage>report</Usage>
            <Usage>details</Usage>
            <Usage>content</Usage>
            <Controls>
                <Control id="time-interval-selector_id_502" type="time-interval-selector" visible="false">
                    <Property name="advancedTimeMode" value="false"/>
                    <Property name="unit" value="WEEKS"/>
                    <Property name="count" value="1"/>
                </Control>
                <Control id="attributes-selector_id_503" type="attributes-selector" visible="false">
                    <Property name="attributeInfos">
                        <List>
                            <Item>
<Value>
    <Property name="objectType" value="RESOURCE"/>
    <Property name="attributeKey" value="mem|consumed_average"/>
    <Property name="preferredUnitId" value="tb"/>
    <Property name="isStringAttribute" value="false"/>
    <Property name="adapterKind" value="VMWARE"/>
    <Property name="resourceKind" value="ClusterComputeResource"/>
    <Property name="rollUpType" value="NONE"/>
    <Property name="rollUpCount" value="0"/>
    <Property name="transformations">
        <List>
            <Item value="NONE"/>
        </List>
    </Property>
    <Property name="isProperty" value="false"/>
    <Property name="displayName" value="Consumed"/>
</Value>
                            </Item>
                            <Item>
<Value>
    <Property name="objectType" value="RESOURCE"/>
    <Property name="attributeKey" value="mem|active_average"/>
    <Property name="preferredUnitId" value="tb"/>
    <Property name="isStringAttribute" value="false"/>
    <Property name="adapterKind" value="VMWARE"/>
    <Property name="resourceKind" value="ClusterComputeResource"/>
    <Property name="rollUpType" value="NONE"/>
    <Property name="rollUpCount" value="0"/>
    <Property name="transformations">
        <List>
            <Item value="NONE"/>
        </List>
    </Property>
    <Property name="isProperty" value="false"/>
    <Property name="displayName" value="Active"/>
</Value>
                            </Item>
                            <Item>
<Value>
    <Property name="objectType" value="RESOURCE"/>
    <Property name="attributeKey" value="mem|host_provisioned"/>
    <Property name="preferredUnitId" value="tb"/>
    <Property name="isStringAttribute" value="false"/>
    <Property name="adapterKind" value="VMWARE"/>
    <Property name="resourceKind" value="ClusterComputeResource"/>
    <Property name="rollUpType" value="NONE"/>
    <Property name="rollUpCount" value="0"/>
    <Property name="transformations">
        <List>
            <Item value="NONE"/>
        </List>
    </Property>
    <Property name="isProperty" value="false"/>
    <Property name="displayName" value="Total"/>
</Value>
                            </Item>
                        </List>
                    </Property>
                </Control>
                <Control id="pagination-control_id_504" type="pagination-control" visible="true">
                    <Property name="start" value="0"/>
                    <Property name="size" value="25"/>
                </Control>
            </Controls>
            <DataProviders>
                <DataProvider dataType="trend-view" id="trend-view_id_501"/>
            </DataProviders>
            <Presentation type="line-chart"/>
        </ViewDef>
    </Views>
</Content>
