{
   "dashboards": [{
      "autoswitchEnabled": false,
      "columnCount": 1,
      "columnProportion": "1",
      "creationTime": 1537957439596,
      "description": "Designed to replace the Summary Page that comes out of the box. It focuses on Performance",
      "disabled": false,
      "gridsterMaxColumns": 12,
      "hidden": false,
      "homeTab": false,
      "id": "d208d4cd-4c91-43f8-b9ae-ede7489bc8a2",
      "importAttempts": 0,
      "importComplete": true,
      "isDefault": false,
      "locked": false,
      "name": "09 Object Summary Page/Performance: Cluster",
      "namePath": "09 Object Summary Page",
      "rank": 12,
      "shared": false,
      "temporary": false,
      "userId": "65acb837-56df-4089-81d1-482a1876d7ca",
      "widgetInteractions": [],
      "widgets": [
         {
            "collapsed": false,
            "config": {
               "chartHeight": 80,
               "metricKey": "Super Metric|sm_bd812200-4794-4cc3-9e1f-2daead31d7b5",
               "metricLabel": "",
               "metricName": "Super Metric|Ops. Percentage of VM with RAM Contention",
               "metricType": {"metricType": "custom"},
               "metricUnit": {
                  "metricUnitId": -1,
                  "metricUnitName": "Default Unit"
               },
               "mode": "self",
               "orangeBound": 5,
               "paginationNumber": 15,
               "redBound": 7.5,
               "refreshContent": {"refreshContent": false},
               "refreshInterval": 300,
               "resourceKindId": "resourceKind:id:0_::_",
               "selectFirstRow": {"selectFirstRow": false},
               "selfProvider": {"selfProvider": false},
               "showMetricLabel": {"showMetricLabel": false},
               "showResourceName": {"showResourceName": false},
               "sortBy": "metricValue",
               "sortByDir": {"orderByDir": "asc"},
               "tagFilter": null,
               "title": "Percentage of VMs with RAM Contention",
               "undefined": "Super Metric|Ops. Percentage of VM with RAM Contention _ 1%",
               "yellowBound": 2.5
            },
            "gridsterCoords": {
               "h": 4,
               "w": 3,
               "x": 7,
               "y": 8
            },
            "height": 210,
            "id": "872fcd7e-6492-4579-b568-620de5042c31",
            "states": [
               {
                  "key": "permDateRange_HealthChart_widget_d208d4cd-4c91-43f8-b9ae-ede7489bc8a2_872fcd7e-6492-4579-b568-620de5042c31",
                  "value": "s%3A%7B%22dateRange%22%3A%22last12Hour%22%2C%22dateFrom%22%3Anull%2C%22dateTo%22%3Anull%2C%22timeFrom%22%3Anull%2C%22timeTo%22%3Anull%7D"
               },
               {
                  "key": "perm_toolbarVisible_widget_d208d4cd-4c91-43f8-b9ae-ede7489bc8a2_872fcd7e-6492-4579-b568-620de5042c31",
                  "value": "b%3A0"
               }
            ],
            "title": "Percentage of VMs with RAM Contention",
            "type": "HealthChart"
         },
         {
            "collapsed": false,
            "config": {
               "chartHeight": 80,
               "metricKey": "Super Metric|sm_5efb039b-4740-462b-a8eb-9ba0b2f9108d",
               "metricLabel": "",
               "metricName": "Super Metric|Ops. Max VM CPU Ready (%)",
               "metricType": {"metricType": "custom"},
               "metricUnit": {
                  "metricUnitId": -1,
                  "metricUnitName": "Default Unit"
               },
               "mode": "self",
               "orangeBound": 7.5,
               "paginationNumber": 15,
               "redBound": 10,
               "refreshContent": {"refreshContent": false},
               "refreshInterval": 300,
               "resourceKindId": "resourceKind:id:0_::_",
               "selectFirstRow": {"selectFirstRow": false},
               "selfProvider": {"selfProvider": false},
               "showMetricLabel": {"showMetricLabel": false},
               "showResourceName": {"showResourceName": false},
               "sortBy": "metricValue",
               "sortByDir": {"orderByDir": "asc"},
               "tagFilter": null,
               "title": "Worst VM CPU Ready (%)",
               "undefined": "Super Metric|Ops. Max VM CPU Ready (%)",
               "yellowBound": 5
            },
            "gridsterCoords": {
               "h": 4,
               "w": 3,
               "x": 1,
               "y": 4
            },
            "height": 210,
            "id": "2f25b3ee-4faf-4846-b34f-0a287ad363c9",
            "states": [
               {
                  "key": "perm_toolbarVisible_widget_d208d4cd-4c91-43f8-b9ae-ede7489bc8a2_2f25b3ee-4faf-4846-b34f-0a287ad363c9",
                  "value": "b%3A0"
               },
               {
                  "key": "permDateRange_HealthChart_widget_d208d4cd-4c91-43f8-b9ae-ede7489bc8a2_2f25b3ee-4faf-4846-b34f-0a287ad363c9",
                  "value": "s%3A%7B%22dateRange%22%3A%22last12Hour%22%2C%22dateFrom%22%3Anull%2C%22dateTo%22%3Anull%2C%22timeFrom%22%3Anull%2C%22timeTo%22%3Anull%7D"
               }
            ],
            "title": "Worst VM CPU Ready (%)",
            "type": "HealthChart"
         },
         {
            "collapsed": false,
            "config": {
               "chartHeight": 80,
               "metricKey": "mem|max_vm_mem_contention",
               "metricLabel": "",
               "metricName": "Memory|Max VM Memory Contention (%)",
               "metricType": {"metricType": "custom"},
               "metricUnit": {
                  "metricUnitId": -1,
                  "metricUnitName": "Default Unit"
               },
               "mode": "self",
               "orangeBound": 3,
               "paginationNumber": 15,
               "redBound": 5,
               "refreshContent": {"refreshContent": false},
               "refreshInterval": 300,
               "resourceKindId": "resourceKind:id:1_::_",
               "selectFirstRow": {"selectFirstRow": false},
               "selfProvider": {"selfProvider": false},
               "showMetricLabel": {"showMetricLabel": false},
               "showResourceName": {"showResourceName": false},
               "sortBy": "metricValue",
               "sortByDir": {"orderByDir": "asc"},
               "tagFilter": null,
               "title": "Worst VM RAM Contention (%)",
               "undefined": "Memory|Max VM Memory Contention (%)",
               "yellowBound": 1
            },
            "gridsterCoords": {
               "h": 4,
               "w": 3,
               "x": 7,
               "y": 4
            },
            "height": 210,
            "id": "381540b1-4fae-4396-8cc4-8869a42d68fa",
            "states": [
               {
                  "key": "permDateRange_HealthChart_widget_d208d4cd-4c91-43f8-b9ae-ede7489bc8a2_381540b1-4fae-4396-8cc4-8869a42d68fa",
                  "value": "s%3A%7B%22dateRange%22%3A%22last12Hour%22%2C%22dateFrom%22%3Anull%2C%22dateTo%22%3Anull%2C%22timeFrom%22%3Anull%2C%22timeTo%22%3Anull%7D"
               },
               {
                  "key": "perm_toolbarVisible_widget_d208d4cd-4c91-43f8-b9ae-ede7489bc8a2_381540b1-4fae-4396-8cc4-8869a42d68fa",
                  "value": "b%3A0"
               }
            ],
            "title": "Worst VM RAM Contention (%)",
            "type": "HealthChart"
         },
         {
            "collapsed": false,
            "config": {
               "chartHeight": 80,
               "metricKey": "net:physical|droppedPct",
               "metricLabel": "",
               "metricName": "Network:physical|Packets Dropped (%)",
               "metricType": {"metricType": "custom"},
               "metricUnit": {
                  "metricUnitId": "percent",
                  "metricUnitName": "%"
               },
               "mode": "self",
               "orangeBound": 2,
               "paginationNumber": 15,
               "redBound": 3,
               "refreshContent": {"refreshContent": false},
               "refreshInterval": 300,
               "resourceKindId": "resourceKind:id:1_::_",
               "selectFirstRow": {"selectFirstRow": false},
               "selfProvider": {"selfProvider": false},
               "showMetricLabel": {"showMetricLabel": false},
               "showResourceName": {"showResourceName": false},
               "sortBy": "metricValue",
               "sortByDir": {"orderByDir": "asc"},
               "tagFilter": null,
               "title": "Packets Dropped",
               "undefined": "Network:physical|Packets Dropped (%)",
               "yellowBound": 1
            },
            "gridsterCoords": {
               "h": 4,
               "w": 3,
               "x": 10,
               "y": 8
            },
            "height": 210,
            "id": "cf568f4f-f647-481e-b99d-83d058470b30",
            "states": [
               {
                  "key": "perm_toolbarVisible_widget_d208d4cd-4c91-43f8-b9ae-ede7489bc8a2_cf568f4f-f647-481e-b99d-83d058470b30",
                  "value": "b%3A0"
               },
               {
                  "key": "permDateRange_HealthChart_widget_d208d4cd-4c91-43f8-b9ae-ede7489bc8a2_cf568f4f-f647-481e-b99d-83d058470b30",
                  "value": "s%3A%7B%22dateRange%22%3A%22last12Hour%22%2C%22dateFrom%22%3Anull%2C%22dateTo%22%3Anull%2C%22timeFrom%22%3Anull%2C%22timeTo%22%3Anull%7D"
               }
            ],
            "title": "Packets Dropped",
            "type": "HealthChart"
         },
         {
            "collapsed": false,
            "config": {
               "chartHeight": 80,
               "metricKey": "Super Metric|sm_d6367f4c-4fee-4bd6-bbf2-d09fe636d5d9",
               "metricLabel": "",
               "metricName": "Super Metric|Ops. Percentage of VM with CPU Ready",
               "metricType": {"metricType": "custom"},
               "metricUnit": {
                  "metricUnitId": -1,
                  "metricUnitName": "Default Unit"
               },
               "mode": "self",
               "orangeBound": 5,
               "paginationNumber": 15,
               "redBound": 7.5,
               "refreshContent": {"refreshContent": false},
               "refreshInterval": 300,
               "resourceKindId": "resourceKind:id:0_::_",
               "selectFirstRow": {"selectFirstRow": false},
               "selfProvider": {"selfProvider": false},
               "showMetricLabel": {"showMetricLabel": false},
               "showResourceName": {"showResourceName": false},
               "sortBy": "metricValue",
               "sortByDir": {"orderByDir": "asc"},
               "tagFilter": null,
               "title": "Percentage of VMs with CPU Ready",
               "undefined": "Super Metric|Ops. Percentage of VM with CPU Ready _ 5%",
               "yellowBound": 2.5
            },
            "gridsterCoords": {
               "h": 4,
               "w": 3,
               "x": 1,
               "y": 8
            },
            "height": 210,
            "id": "1436b9f0-c805-4bfc-8131-285afa6bb2ed",
            "states": [
               {
                  "key": "permDateRange_HealthChart_widget_d208d4cd-4c91-43f8-b9ae-ede7489bc8a2_1436b9f0-c805-4bfc-8131-285afa6bb2ed",
                  "value": "s%3A%7B%22dateRange%22%3A%22last12Hour%22%2C%22dateFrom%22%3Anull%2C%22dateTo%22%3Anull%2C%22timeFrom%22%3Anull%2C%22timeTo%22%3Anull%7D"
               },
               {
                  "key": "perm_toolbarVisible_widget_d208d4cd-4c91-43f8-b9ae-ede7489bc8a2_1436b9f0-c805-4bfc-8131-285afa6bb2ed",
                  "value": "b%3A0"
               }
            ],
            "title": "Percentage of VMs with CPU Ready",
            "type": "HealthChart"
         },
         {
            "collapsed": false,
            "config": {
               "chartHeight": 80,
               "metricKey": "datastore|max_vm_disk_latency",
               "metricLabel": "",
               "metricName": "Datastore|Max VM Disk Command Latency (ms)",
               "metricType": {"metricType": "custom"},
               "metricUnit": {
                  "metricUnitId": "msec",
                  "metricUnitName": "ms"
               },
               "mode": "self",
               "orangeBound": 20,
               "paginationNumber": 15,
               "redBound": 30,
               "refreshContent": {"refreshContent": false},
               "refreshInterval": 300,
               "resourceKindId": "resourceKind:id:1_::_",
               "selectFirstRow": {"selectFirstRow": false},
               "selfProvider": {"selfProvider": false},
               "showMetricLabel": {"showMetricLabel": false},
               "showResourceName": {"showResourceName": false},
               "sortBy": "metricValue",
               "sortByDir": {"orderByDir": "asc"},
               "tagFilter": null,
               "title": "Worst VM Disk Latency",
               "undefined": "Datastore|Max VM Disk Command Latency (ms)",
               "yellowBound": 10
            },
            "gridsterCoords": {
               "h": 4,
               "w": 3,
               "x": 10,
               "y": 4
            },
            "height": 210,
            "id": "5999128b-9e27-4e91-84f8-53e7973be8a9",
            "states": [{
               "key": "permDateRange_HealthChart_widget_d208d4cd-4c91-43f8-b9ae-ede7489bc8a2_5999128b-9e27-4e91-84f8-53e7973be8a9",
               "value": "s%3A%7B%22dateRange%22%3A%22last6Hour%22%2C%22dateFrom%22%3Anull%2C%22dateTo%22%3Anull%2C%22timeFrom%22%3Anull%2C%22timeTo%22%3Anull%7D"
            }],
            "title": "Worst VM Disk Latency",
            "type": "HealthChart"
         },
         {
            "collapsed": false,
            "config": {
               "chartViewItems": [],
               "refreshContent": {"refreshContent": false},
               "refreshInterval": 300,
               "resource": null,
               "selectFirstRow": {"selectFirstRow": false},
               "selfProvider": {"selfProvider": false},
               "title": "ESXi in the cluster",
               "traversalSpecId": "",
               "viewDefinitionId": "39aa6346-efd7-441a-893d-232f83885cd3"
            },
            "gridsterCoords": {
               "h": 6,
               "w": 12,
               "x": 1,
               "y": 18
            },
            "height": 324,
            "id": "0f6e00b0-5c7d-4719-8d9d-d3edf8f2a5d6",
            "title": "ESXi in the cluster",
            "type": "View"
         },
         {
            "collapsed": false,
            "config": {
               "chartHeight": 80,
               "metricKey": "Super Metric|sm_0ccf0ff4-a279-42f4-8abe-8dcbafee5bae",
               "metricLabel": "",
               "metricName": "Super Metric|Ops. Percentage of VM with CPU CoStop",
               "metricType": {"metricType": "custom"},
               "metricUnit": {
                  "metricUnitId": -1,
                  "metricUnitName": "Default Unit"
               },
               "mode": "self",
               "orangeBound": 5,
               "paginationNumber": 15,
               "redBound": 7.5,
               "refreshContent": {"refreshContent": false},
               "refreshInterval": 300,
               "resourceKindId": "resourceKind:id:1_::_",
               "selectFirstRow": {"selectFirstRow": false},
               "selfProvider": {"selfProvider": false},
               "showMetricLabel": {"showMetricLabel": false},
               "showResourceName": {"showResourceName": false},
               "sortBy": "metricValue",
               "sortByDir": {"orderByDir": "asc"},
               "tagFilter": null,
               "title": "Percentage of VMs with CPU Co-Stop",
               "undefined": "Super Metric|Ops. Percentage of VM with CPU CoStop",
               "yellowBound": 2.5
            },
            "gridsterCoords": {
               "h": 4,
               "w": 3,
               "x": 4,
               "y": 8
            },
            "height": 210,
            "id": "d6a0dfde-a52d-486d-b534-b963de318b77",
            "states": [{
               "key": "permDateRange_HealthChart_widget_d208d4cd-4c91-43f8-b9ae-ede7489bc8a2_d6a0dfde-a52d-486d-b534-b963de318b77",
               "value": "s%3A%7B%22dateRange%22%3A%22last6Hour%22%2C%22dateFrom%22%3Anull%2C%22dateTo%22%3Anull%2C%22timeFrom%22%3Anull%2C%22timeTo%22%3Anull%7D"
            }],
            "title": "Percentage of VMs with CPU Co-Stop",
            "type": "HealthChart"
         },
         {
            "collapsed": false,
            "config": {
               "chartHeight": 80,
               "metricKey": "Super Metric|sm_bb35ec23-6079-4d82-9730-3743ed682387",
               "metricLabel": "",
               "metricName": "Super Metric|Max VM CPU Co-Stop (%)",
               "metricType": {"metricType": "custom"},
               "metricUnit": {
                  "metricUnitId": -1,
                  "metricUnitName": "Default Unit"
               },
               "mode": "self",
               "orangeBound": 5,
               "paginationNumber": 15,
               "redBound": 10,
               "refreshContent": {"refreshContent": false},
               "refreshInterval": 300,
               "resourceKindId": "resourceKind:id:1_::_",
               "selectFirstRow": {"selectFirstRow": false},
               "selfProvider": {"selfProvider": false},
               "showMetricLabel": {"showMetricLabel": false},
               "showResourceName": {"showResourceName": false},
               "sortBy": "metricValue",
               "sortByDir": {"orderByDir": "asc"},
               "tagFilter": null,
               "title": "Worst VM CPU Co-Stop (%)",
               "undefined": "Super Metric|Max VM CPU Co-Stop (%)",
               "yellowBound": 1
            },
            "gridsterCoords": {
               "h": 4,
               "w": 3,
               "x": 4,
               "y": 4
            },
            "height": 210,
            "id": "5c813672-469b-4d27-89a8-b9606dae1954",
            "states": [{
               "key": "permDateRange_HealthChart_widget_d208d4cd-4c91-43f8-b9ae-ede7489bc8a2_5c813672-469b-4d27-89a8-b9606dae1954",
               "value": "s%3A%7B%22dateRange%22%3A%22last6Hour%22%2C%22dateFrom%22%3Anull%2C%22dateTo%22%3Anull%2C%22timeFrom%22%3Anull%2C%22timeTo%22%3Anull%7D"
            }],
            "title": "Worst VM CPU Co-Stop (%)",
            "type": "HealthChart"
         },
         {
            "collapsed": false,
            "config": {
               "boxColumns": 7,
               "boxHeight": null,
               "labelSize": 12,
               "maxCellCount": 100,
               "metric": {
                  "mode": "resourceKind",
                  "resourceKindMetrics": [
                     {
                        "colorMethod": 0,
                        "id": "extModel10608-1",
                        "isStringMetric": false,
                        "label": "Worst VM CPU Ready",
                        "link": "http://virtual-red-dot.info/cpu-ready-vs-cpu-contention/",
                        "metricKey": "Super Metric|sm_5efb039b-4740-462b-a8eb-9ba0b2f9108d",
                        "metricName": "Super Metric|Ops. Max VM CPU Ready (%)",
                        "metricUnitId": "%",
                        "orangeBound": 5,
                        "redBound": 10,
                        "resourceKindId": "resourceKind:id:1_::_",
                        "resourceKindName": "Cluster Compute Resource",
                        "unit": "%",
                        "yellowBound": 1
                     },
                     {
                        "colorMethod": 0,
                        "id": "extModel15682-1",
                        "isStringMetric": false,
                        "label": "Worst VM CPU Co-Stop",
                        "link": "",
                        "metricKey": "Super Metric|sm_bb35ec23-6079-4d82-9730-3743ed682387",
                        "metricName": "Super Metric|Ops. Max VM CPU Co-Stop (%)",
                        "metricUnitId": "%",
                        "orangeBound": 5,
                        "redBound": 10,
                        "resourceKindId": "resourceKind:id:1_::_",
                        "resourceKindName": "Cluster Compute Resource",
                        "unit": "%",
                        "yellowBound": 1
                     },
                     {
                        "colorMethod": 0,
                        "id": "extModel10608-6",
                        "isStringMetric": false,
                        "label": "Worst VM RAM Contention",
                        "link": "",
                        "metricKey": "mem|max_vm_mem_contention",
                        "metricName": "Memory|Max VM Memory Contention",
                        "metricUnitId": "percent",
                        "orangeBound": 3,
                        "redBound": 5,
                        "resourceKindId": "resourceKind:id:1_::_",
                        "resourceKindName": "Cluster Compute Resource",
                        "unit": "%",
                        "yellowBound": 1
                     },
                     {
                        "colorMethod": 0,
                        "id": "extModel10608-2",
                        "isStringMetric": false,
                        "label": "Worst VM Disk Latency",
                        "link": "",
                        "metricKey": "Super Metric|sm_eb724b20-3eec-48a0-9c69-5c448120897d",
                        "metricName": "Super Metric|Ops. Max VM Disk Latency (ms)",
                        "metricUnitId": "%",
                        "orangeBound": 20,
                        "redBound": 30,
                        "resourceKindId": "resourceKind:id:1_::_",
                        "resourceKindName": "Cluster Compute Resource",
                        "unit": "%",
                        "yellowBound": 10
                     },
                     {
                        "colorMethod": 0,
                        "id": "extModel10608-3",
                        "isStringMetric": false,
                        "label": "%  of VMs with CPU Co-Stop",
                        "link": "",
                        "metricKey": "Super Metric|sm_0ccf0ff4-a279-42f4-8abe-8dcbafee5bae",
                        "metricName": "Super Metric|Ops. Percentage of VM with CPU CoStop",
                        "metricUnitId": "%",
                        "orangeBound": 5,
                        "redBound": 7.5,
                        "resourceKindId": "resourceKind:id:1_::_",
                        "resourceKindName": "Cluster Compute Resource",
                        "unit": "%",
                        "yellowBound": 2.5
                     },
                     {
                        "colorMethod": 0,
                        "id": "extModel10608-4",
                        "isStringMetric": false,
                        "label": "% of VMs with CPU Ready",
                        "link": "",
                        "metricKey": "Super Metric|sm_d6367f4c-4fee-4bd6-bbf2-d09fe636d5d9",
                        "metricName": "Super Metric|Ops. Percentage of VM with CPU Ready",
                        "metricUnitId": "%",
                        "orangeBound": 5,
                        "redBound": 7.5,
                        "resourceKindId": "resourceKind:id:1_::_",
                        "resourceKindName": "Cluster Compute Resource",
                        "unit": "%",
                        "yellowBound": 2.5
                     },
                     {
                        "colorMethod": 0,
                        "id": "extModel10608-5",
                        "isStringMetric": false,
                        "label": "% of VMs with RAM Contention",
                        "link": "",
                        "metricKey": "Super Metric|sm_bd812200-4794-4cc3-9e1f-2daead31d7b5",
                        "metricName": "Super Metric|Ops. Percentage of VM with RAM Contention",
                        "metricUnitId": "%",
                        "orangeBound": 5,
                        "redBound": 7.5,
                        "resourceKindId": "resourceKind:id:1_::_",
                        "resourceKindName": "Cluster Compute Resource",
                        "unit": "%",
                        "yellowBound": 2.5
                     }
                  ],
                  "resourceMetrics": []
               },
               "mode": {"layoutMode": "fixedView"},
               "periodLength": null,
               "refreshContent": {"refreshContent": false},
               "refreshInterval": 300,
               "relationshipMode": 0,
               "resInteractionMode": null,
               "roundDecimals": 1,
               "selfProvider": {"selfProvider": false},
               "showDT": {"showDT": true},
               "showMetricName": {"showMetricName": true},
               "showMetricUnit": {"showMetricUnit": true},
               "showResourceName": {"showResourceName": false},
               "showSparkline": {"showSparkline": false},
               "title": "Key Performance Indicators",
               "valueSize": 24,
               "visualTheme": 4
            },
            "gridsterCoords": {
               "h": 3,
               "w": 12,
               "x": 1,
               "y": 1
            },
            "height": 154,
            "id": "f19397e5-d0a6-4594-8f7b-7a59d8829786",
            "title": "Key Performance Indicators",
            "type": "Scoreboard"
         },
         {
            "collapsed": false,
            "config": {
               "chartViewItems": ["legend"],
               "refreshContent": {"refreshContent": false},
               "refreshInterval": 300,
               "resource": null,
               "selectFirstRow": {"selectFirstRow": false},
               "selfProvider": {"selfProvider": false},
               "title": "Utilization: CPU",
               "traversalSpecId": "",
               "viewDefinitionId": "6073dbbd-6917-4a16-be96-f3c89865bd36"
            },
            "gridsterCoords": {
               "h": 6,
               "w": 4,
               "x": 1,
               "y": 12
            },
            "height": 324,
            "id": "df6ec7af-8d41-4049-aee9-0bdc52229cde",
            "title": "Utilization: CPU",
            "type": "View"
         },
         {
            "collapsed": false,
            "config": {
               "chartViewItems": ["legend"],
               "refreshContent": {"refreshContent": false},
               "refreshInterval": 300,
               "resource": null,
               "selectFirstRow": {"selectFirstRow": false},
               "selfProvider": {"selfProvider": false},
               "title": "Utilization: RAM",
               "traversalSpecId": "",
               "viewDefinitionId": "dd37087a-c697-4831-ba02-081e5142ddd1"
            },
            "gridsterCoords": {
               "h": 6,
               "w": 4,
               "x": 5,
               "y": 12
            },
            "height": 324,
            "id": "411edd1e-4a82-4abe-ad20-228a5f942f98",
            "title": "Utilization: RAM",
            "type": "View"
         },
         {
            "collapsed": false,
            "config": {
               "chartViewItems": ["legend"],
               "refreshContent": {"refreshContent": false},
               "refreshInterval": 300,
               "resource": null,
               "selectFirstRow": {"selectFirstRow": false},
               "selfProvider": {"selfProvider": false},
               "title": "Utilization: Network",
               "traversalSpecId": "",
               "viewDefinitionId": "be0d78bf-9fad-46f0-ab55-ab919e71aeb7"
            },
            "gridsterCoords": {
               "h": 6,
               "w": 4,
               "x": 9,
               "y": 12
            },
            "height": 324,
            "id": "36205827-5189-45a7-a075-8b962299f984",
            "title": "Utilization: Network",
            "type": "View"
         }
      ]
   }],
   "entries": {"resourceKind": [
      {
         "adapterKindKey": "VMWARE",
         "internalId": "resourceKind:id:0_::_",
         "resourceKindKey": "HostSystem"
      },
      {
         "adapterKindKey": "VMWARE",
         "internalId": "resourceKind:id:1_::_",
         "resourceKindKey": "ClusterComputeResource"
      }
   ]},
   "uuid": "2dc40519-ae91-4cc0-8fe5-21180ebfa6eb"
}